dataset_id,city,scale,stratum,decision_junctions,corridor_nodes,corridor_edges,route_length_m,straight_line_distance_m,network_circuity,estimated_input_tokens,bearing_greedy_junction_accuracy,turnback_tier,turnback_route_id,route_file,input_file,labels_file
LIA-Road-TB-001,Munich_Germany,large,representative,12,175,466,762.978,575.398,1.325999,2771,0.833333,hard,18,routes/LIA-Road-TB-001.json,inputs/LIA-Road-TB-001.graph.json,labels/LIA-Road-TB-001.labels.json
LIA-Road-TB-002,Munich_Germany,large,diagnostic,12,154,370,545.997,414.629,1.316833,2287,0.666667,hard,343,routes/LIA-Road-TB-002.json,inputs/LIA-Road-TB-002.graph.json,labels/LIA-Road-TB-002.labels.json
LIA-Road-TB-003,Munich_Germany,large,diagnostic,12,248,698,754.252,525.806,1.434469,4117,0.75,hard,408,routes/LIA-Road-TB-003.json,inputs/LIA-Road-TB-003.graph.json,labels/LIA-Road-TB-003.labels.json
LIA-Road-TB-004,Munich_Germany,large,diagnostic,9,106,242,324.962,273.347,1.188825,1506,0.666667,hard,572,routes/LIA-Road-TB-004.json,inputs/LIA-Road-TB-004.graph.json,labels/LIA-Road-TB-004.labels.json
LIA-Road-TB-005,Munich_Germany,large,representative,10,130,370,409.169,374.647,1.092145,2058,1.0,hard,576,routes/LIA-Road-TB-005.json,inputs/LIA-Road-TB-005.graph.json,labels/LIA-Road-TB-005.labels.json
LIA-Road-TB-006,Munich_Germany,large,representative,10,143,356,944.324,840.736,1.123211,2209,0.9,hard,632,routes/LIA-Road-TB-006.json,inputs/LIA-Road-TB-006.graph.json,labels/LIA-Road-TB-006.labels.json
LIA-Road-TB-007,Munich_Germany,large,representative,12,357,1124,910.06,797.66,1.140912,5741,0.833333,hard,838,routes/LIA-Road-TB-007.json,inputs/LIA-Road-TB-007.graph.json,labels/LIA-Road-TB-007.labels.json
LIA-Road-TB-008,Munich_Germany,large,diagnostic,12,133,350,413.444,285.556,1.447853,2075,0.5,hard,91,routes/LIA-Road-TB-008.json,inputs/LIA-Road-TB-008.graph.json,labels/LIA-Road-TB-008.labels.json
LIA-Road-TB-009,Munich_Germany,large,diagnostic,12,359,944,1329.858,1055.098,1.260411,5869,0.666667,hard,98,routes/LIA-Road-TB-009.json,inputs/LIA-Road-TB-009.graph.json,labels/LIA-Road-TB-009.labels.json
LIA-Road-TB-010,Munich_Germany,large,representative,10,295,816,818.474,639.144,1.280579,4828,1.0,hard,986,routes/LIA-Road-TB-010.json,inputs/LIA-Road-TB-010.graph.json,labels/LIA-Road-TB-010.labels.json
LIA-Road-TB-011,Munich_Germany,medium,diagnostic,8,52,124,415.908,326.044,1.275622,788,0.75,medium,1045,routes/LIA-Road-TB-011.json,inputs/LIA-Road-TB-011.graph.json,labels/LIA-Road-TB-011.labels.json
LIA-Road-TB-012,Munich_Germany,medium,diagnostic,8,111,306,959.174,844.533,1.135745,1733,0.75,medium,1074,routes/LIA-Road-TB-012.json,inputs/LIA-Road-TB-012.graph.json,labels/LIA-Road-TB-012.labels.json
LIA-Road-TB-013,Munich_Germany,medium,diagnostic,7,84,248,622.143,442.721,1.40527,1344,0.714286,medium,12,routes/LIA-Road-TB-013.json,inputs/LIA-Road-TB-013.graph.json,labels/LIA-Road-TB-013.labels.json
LIA-Road-TB-014,Munich_Germany,medium,representative,7,100,274,518.737,405.909,1.277963,1508,1.0,medium,342,routes/LIA-Road-TB-014.json,inputs/LIA-Road-TB-014.graph.json,labels/LIA-Road-TB-014.labels.json
LIA-Road-TB-015,Munich_Germany,medium,representative,7,303,962,672.047,592.18,1.134869,5273,1.0,medium,349,routes/LIA-Road-TB-015.json,inputs/LIA-Road-TB-015.graph.json,labels/LIA-Road-TB-015.labels.json
LIA-Road-TB-016,Munich_Germany,medium,diagnostic,8,109,234,599.131,483.494,1.23917,1511,0.75,medium,452,routes/LIA-Road-TB-016.json,inputs/LIA-Road-TB-016.graph.json,labels/LIA-Road-TB-016.labels.json
LIA-Road-TB-017,Munich_Germany,medium,representative,8,110,278,643.809,606.445,1.061612,1667,1.0,medium,662,routes/LIA-Road-TB-017.json,inputs/LIA-Road-TB-017.graph.json,labels/LIA-Road-TB-017.labels.json
LIA-Road-TB-018,Munich_Germany,medium,representative,6,56,130,379.6,225.665,1.682143,836,0.666667,medium,737,routes/LIA-Road-TB-018.json,inputs/LIA-Road-TB-018.graph.json,labels/LIA-Road-TB-018.labels.json
LIA-Road-TB-019,Munich_Germany,medium,diagnostic,8,94,238,450.774,398.006,1.132581,1441,0.625,medium,832,routes/LIA-Road-TB-019.json,inputs/LIA-Road-TB-019.graph.json,labels/LIA-Road-TB-019.labels.json
LIA-Road-TB-020,Munich_Germany,medium,representative,6,203,548,674.611,665.965,1.012983,3322,1.0,medium,834,routes/LIA-Road-TB-020.json,inputs/LIA-Road-TB-020.graph.json,labels/LIA-Road-TB-020.labels.json
LIA-Road-TB-021,Munich_Germany,small,representative,5,46,102,359.166,293.597,1.223332,660,0.8,easy,136,routes/LIA-Road-TB-021.json,inputs/LIA-Road-TB-021.graph.json,labels/LIA-Road-TB-021.labels.json
LIA-Road-TB-022,Munich_Germany,small,diagnostic,3,25,66,542.312,510.68,1.061941,445,0.666667,easy,363,routes/LIA-Road-TB-022.json,inputs/LIA-Road-TB-022.graph.json,labels/LIA-Road-TB-022.labels.json
LIA-Road-TB-023,Munich_Germany,small,representative,4,36,104,303.323,208.932,1.451781,584,1.0,easy,366,routes/LIA-Road-TB-023.json,inputs/LIA-Road-TB-023.graph.json,labels/LIA-Road-TB-023.labels.json
LIA-Road-TB-024,Munich_Germany,small,diagnostic,4,40,92,157.8,136.48,1.156221,602,0.75,easy,49,routes/LIA-Road-TB-024.json,inputs/LIA-Road-TB-024.graph.json,labels/LIA-Road-TB-024.labels.json
LIA-Road-TB-025,Munich_Germany,small,representative,5,37,118,184.428,127.673,1.444531,625,0.4,easy,559,routes/LIA-Road-TB-025.json,inputs/LIA-Road-TB-025.graph.json,labels/LIA-Road-TB-025.labels.json
LIA-Road-TB-026,Munich_Germany,small,representative,5,80,232,377.74,318.601,1.185619,1214,1.0,easy,613,routes/LIA-Road-TB-026.json,inputs/LIA-Road-TB-026.graph.json,labels/LIA-Road-TB-026.labels.json
LIA-Road-TB-027,Munich_Germany,small,diagnostic,4,239,540,728.506,664.475,1.096364,3464,0.75,easy,652,routes/LIA-Road-TB-027.json,inputs/LIA-Road-TB-027.graph.json,labels/LIA-Road-TB-027.labels.json
LIA-Road-TB-028,Munich_Germany,small,representative,5,58,132,371.393,196.064,1.894246,810,0.6,easy,674,routes/LIA-Road-TB-028.json,inputs/LIA-Road-TB-028.graph.json,labels/LIA-Road-TB-028.labels.json
LIA-Road-TB-029,Munich_Germany,small,diagnostic,4,24,54,204.708,173.551,1.179526,381,0.75,easy,716,routes/LIA-Road-TB-029.json,inputs/LIA-Road-TB-029.graph.json,labels/LIA-Road-TB-029.labels.json
LIA-Road-TB-030,Munich_Germany,small,diagnostic,5,44,98,340.882,234.919,1.451058,638,0.2,easy,920,routes/LIA-Road-TB-030.json,inputs/LIA-Road-TB-030.graph.json,labels/LIA-Road-TB-030.labels.json
LIA-Road-TB-031,Tokyo_23_wards,large,representative,9,69,190,369.484,289.04,1.278312,1108,0.777778,hard,166,routes/LIA-Road-TB-031.json,inputs/LIA-Road-TB-031.graph.json,labels/LIA-Road-TB-031.labels.json
LIA-Road-TB-032,Tokyo_23_wards,large,representative,12,81,222,349.113,337.813,1.033451,1200,1.0,hard,212,routes/LIA-Road-TB-032.json,inputs/LIA-Road-TB-032.graph.json,labels/LIA-Road-TB-032.labels.json
LIA-Road-TB-033,Tokyo_23_wards,large,representative,11,94,288,390.161,341.549,1.142327,1560,0.909091,hard,380,routes/LIA-Road-TB-033.json,inputs/LIA-Road-TB-033.graph.json,labels/LIA-Road-TB-033.labels.json
LIA-Road-TB-034,Tokyo_23_wards,large,diagnostic,12,114,320,439.259,352.979,1.244434,1874,0.583333,hard,47,routes/LIA-Road-TB-034.json,inputs/LIA-Road-TB-034.graph.json,labels/LIA-Road-TB-034.labels.json
LIA-Road-TB-035,Tokyo_23_wards,large,diagnostic,12,231,632,666.19,543.206,1.226404,3803,0.75,hard,57,routes/LIA-Road-TB-035.json,inputs/LIA-Road-TB-035.graph.json,labels/LIA-Road-TB-035.labels.json
LIA-Road-TB-036,Tokyo_23_wards,large,diagnostic,10,90,238,471.605,272.292,1.731982,1411,0.4,hard,596,routes/LIA-Road-TB-036.json,inputs/LIA-Road-TB-036.graph.json,labels/LIA-Road-TB-036.labels.json
LIA-Road-TB-037,Tokyo_23_wards,large,representative,9,111,290,434.743,340.779,1.275734,1753,1.0,hard,601,routes/LIA-Road-TB-037.json,inputs/LIA-Road-TB-037.graph.json,labels/LIA-Road-TB-037.labels.json
LIA-Road-TB-038,Tokyo_23_wards,large,representative,9,94,274,367.438,349.904,1.05011,1495,1.0,hard,791,routes/LIA-Road-TB-038.json,inputs/LIA-Road-TB-038.graph.json,labels/LIA-Road-TB-038.labels.json
LIA-Road-TB-039,Tokyo_23_wards,large,diagnostic,11,92,246,317.323,258.168,1.229137,1429,0.818182,hard,860,routes/LIA-Road-TB-039.json,inputs/LIA-Road-TB-039.graph.json,labels/LIA-Road-TB-039.labels.json
LIA-Road-TB-040,Tokyo_23_wards,large,diagnostic,11,89,240,416.986,379.904,1.097608,1415,0.818182,hard,892,routes/LIA-Road-TB-040.json,inputs/LIA-Road-TB-040.graph.json,labels/LIA-Road-TB-040.labels.json
LIA-Road-TB-041,Tokyo_23_wards,medium,representative,8,47,126,230.034,218.321,1.053652,758,1.0,medium,104,routes/LIA-Road-TB-041.json,inputs/LIA-Road-TB-041.graph.json,labels/LIA-Road-TB-041.labels.json
LIA-Road-TB-042,Tokyo_23_wards,medium,diagnostic,8,103,238,335.665,241.26,1.391296,1464,0.625,medium,1077,routes/LIA-Road-TB-042.json,inputs/LIA-Road-TB-042.graph.json,labels/LIA-Road-TB-042.labels.json
LIA-Road-TB-043,Tokyo_23_wards,medium,representative,6,62,150,385.053,374.438,1.028349,916,1.0,medium,111,routes/LIA-Road-TB-043.json,inputs/LIA-Road-TB-043.graph.json,labels/LIA-Road-TB-043.labels.json
LIA-Road-TB-044,Tokyo_23_wards,medium,representative,6,64,166,310.386,289.874,1.070761,959,1.0,medium,278,routes/LIA-Road-TB-044.json,inputs/LIA-Road-TB-044.graph.json,labels/LIA-Road-TB-044.labels.json
LIA-Road-TB-045,Tokyo_23_wards,medium,diagnostic,7,74,202,264.478,219.983,1.202267,1147,0.857143,medium,397,routes/LIA-Road-TB-045.json,inputs/LIA-Road-TB-045.graph.json,labels/LIA-Road-TB-045.labels.json
LIA-Road-TB-046,Tokyo_23_wards,medium,representative,6,55,148,349.132,335.307,1.041233,865,1.0,medium,41,routes/LIA-Road-TB-046.json,inputs/LIA-Road-TB-046.graph.json,labels/LIA-Road-TB-046.labels.json
LIA-Road-TB-047,Tokyo_23_wards,medium,representative,8,40,94,229.898,218.019,1.054489,610,1.0,medium,436,routes/LIA-Road-TB-047.json,inputs/LIA-Road-TB-047.graph.json,labels/LIA-Road-TB-047.labels.json
LIA-Road-TB-048,Tokyo_23_wards,medium,diagnostic,8,72,154,235.69,168.368,1.399852,995,0.625,medium,6,routes/LIA-Road-TB-048.json,inputs/LIA-Road-TB-048.graph.json,labels/LIA-Road-TB-048.labels.json
LIA-Road-TB-049,Tokyo_23_wards,medium,diagnostic,6,82,230,360.049,270.064,1.333199,1326,0.666667,medium,689,routes/LIA-Road-TB-049.json,inputs/LIA-Road-TB-049.graph.json,labels/LIA-Road-TB-049.labels.json
LIA-Road-TB-050,Tokyo_23_wards,medium,diagnostic,7,87,278,318.518,292.327,1.089596,1453,0.714286,medium,902,routes/LIA-Road-TB-050.json,inputs/LIA-Road-TB-050.graph.json,labels/LIA-Road-TB-050.labels.json
LIA-Road-TB-051,Tokyo_23_wards,small,diagnostic,4,29,72,117.267,106.167,1.104557,464,0.75,easy,1062,routes/LIA-Road-TB-051.json,inputs/LIA-Road-TB-051.graph.json,labels/LIA-Road-TB-051.labels.json
LIA-Road-TB-052,Tokyo_23_wards,small,representative,4,21,50,122.676,120.447,1.0185,351,1.0,easy,1063,routes/LIA-Road-TB-052.json,inputs/LIA-Road-TB-052.graph.json,labels/LIA-Road-TB-052.labels.json
LIA-Road-TB-053,Tokyo_23_wards,small,representative,4,61,168,371.507,329.275,1.12826,1010,1.0,easy,231,routes/LIA-Road-TB-053.json,inputs/LIA-Road-TB-053.graph.json,labels/LIA-Road-TB-053.labels.json
LIA-Road-TB-054,Tokyo_23_wards,small,diagnostic,5,43,106,312.4,193.618,1.613487,655,0.4,easy,276,routes/LIA-Road-TB-054.json,inputs/LIA-Road-TB-054.graph.json,labels/LIA-Road-TB-054.labels.json
LIA-Road-TB-055,Tokyo_23_wards,small,representative,4,22,52,107.366,106.824,1.005071,361,1.0,easy,296,routes/LIA-Road-TB-055.json,inputs/LIA-Road-TB-055.graph.json,labels/LIA-Road-TB-055.labels.json
LIA-Road-TB-056,Tokyo_23_wards,small,representative,3,15,32,95.357,94.485,1.009229,247,1.0,easy,377,routes/LIA-Road-TB-056.json,inputs/LIA-Road-TB-056.graph.json,labels/LIA-Road-TB-056.labels.json
LIA-Road-TB-057,Tokyo_23_wards,small,representative,3,15,32,110.566,110.621,0.999498,252,1.0,easy,390,routes/LIA-Road-TB-057.json,inputs/LIA-Road-TB-057.graph.json,labels/LIA-Road-TB-057.labels.json
LIA-Road-TB-058,Tokyo_23_wards,small,diagnostic,4,23,50,220.164,185.104,1.189407,360,0.75,easy,398,routes/LIA-Road-TB-058.json,inputs/LIA-Road-TB-058.graph.json,labels/LIA-Road-TB-058.labels.json
LIA-Road-TB-059,Tokyo_23_wards,small,diagnostic,3,17,48,95.714,75.59,1.266222,304,0.666667,easy,451,routes/LIA-Road-TB-059.json,inputs/LIA-Road-TB-059.graph.json,labels/LIA-Road-TB-059.labels.json
LIA-Road-TB-060,Tokyo_23_wards,small,diagnostic,3,16,30,167.388,120.807,1.385584,247,0.666667,easy,982,routes/LIA-Road-TB-060.json,inputs/LIA-Road-TB-060.graph.json,labels/LIA-Road-TB-060.labels.json
LIA-Road-TB-061,Toronto_Canada,large,diagnostic,12,145,408,509.308,372.168,1.36849,2360,0.583333,hard,106,routes/LIA-Road-TB-061.json,inputs/LIA-Road-TB-061.graph.json,labels/LIA-Road-TB-061.labels.json
LIA-Road-TB-062,Toronto_Canada,large,representative,11,136,410,487.472,437.675,1.113774,2238,1.0,hard,187,routes/LIA-Road-TB-062.json,inputs/LIA-Road-TB-062.graph.json,labels/LIA-Road-TB-062.labels.json
LIA-Road-TB-063,Toronto_Canada,large,diagnostic,12,152,480,704.318,550.446,1.279541,2710,0.666667,hard,318,routes/LIA-Road-TB-063.json,inputs/LIA-Road-TB-063.graph.json,labels/LIA-Road-TB-063.labels.json
LIA-Road-TB-064,Toronto_Canada,large,representative,12,341,938,977.181,805.111,1.213722,5618,0.583333,hard,470,routes/LIA-Road-TB-064.json,inputs/LIA-Road-TB-064.graph.json,labels/LIA-Road-TB-064.labels.json
LIA-Road-TB-065,Toronto_Canada,large,diagnostic,10,265,740,1502.819,982.241,1.52999,4358,0.5,hard,521,routes/LIA-Road-TB-065.json,inputs/LIA-Road-TB-065.graph.json,labels/LIA-Road-TB-065.labels.json
LIA-Road-TB-066,Toronto_Canada,large,diagnostic,11,133,348,505.094,406.491,1.24257,2130,0.727273,hard,744,routes/LIA-Road-TB-066.json,inputs/LIA-Road-TB-066.graph.json,labels/LIA-Road-TB-066.labels.json
LIA-Road-TB-067,Toronto_Canada,large,diagnostic,12,198,600,743.939,605.493,1.228649,3459,0.75,hard,829,routes/LIA-Road-TB-067.json,inputs/LIA-Road-TB-067.graph.json,labels/LIA-Road-TB-067.labels.json
LIA-Road-TB-068,Toronto_Canada,large,representative,9,101,292,434.205,425.53,1.020388,1631,1.0,hard,845,routes/LIA-Road-TB-068.json,inputs/LIA-Road-TB-068.graph.json,labels/LIA-Road-TB-068.labels.json
LIA-Road-TB-069,Toronto_Canada,large,representative,9,217,694,1071.359,785.649,1.36366,3742,0.777778,hard,936,routes/LIA-Road-TB-069.json,inputs/LIA-Road-TB-069.graph.json,labels/LIA-Road-TB-069.labels.json
LIA-Road-TB-070,Toronto_Canada,large,representative,11,219,608,956.754,733.527,1.304321,3528,1.0,hard,972,routes/LIA-Road-TB-070.json,inputs/LIA-Road-TB-070.graph.json,labels/LIA-Road-TB-070.labels.json
LIA-Road-TB-071,Toronto_Canada,medium,diagnostic,8,149,406,1138.193,792.209,1.436734,2478,0.625,medium,1056,routes/LIA-Road-TB-071.json,inputs/LIA-Road-TB-071.graph.json,labels/LIA-Road-TB-071.labels.json
LIA-Road-TB-072,Toronto_Canada,medium,representative,8,91,264,407.379,334.425,1.218147,1403,1.0,medium,123,routes/LIA-Road-TB-072.json,inputs/LIA-Road-TB-072.graph.json,labels/LIA-Road-TB-072.labels.json
LIA-Road-TB-073,Toronto_Canada,medium,representative,7,63,162,300.91,213.629,1.408567,985,0.714286,medium,242,routes/LIA-Road-TB-073.json,inputs/LIA-Road-TB-073.graph.json,labels/LIA-Road-TB-073.labels.json
LIA-Road-TB-074,Toronto_Canada,medium,representative,8,89,238,834.625,694.226,1.202238,1366,0.75,medium,273,routes/LIA-Road-TB-074.json,inputs/LIA-Road-TB-074.graph.json,labels/LIA-Road-TB-074.labels.json
LIA-Road-TB-075,Toronto_Canada,medium,representative,6,70,178,420.372,364.653,1.152799,1045,0.833333,medium,424,routes/LIA-Road-TB-075.json,inputs/LIA-Road-TB-075.graph.json,labels/LIA-Road-TB-075.labels.json
LIA-Road-TB-076,Toronto_Canada,medium,representative,7,222,626,925.458,566.507,1.633621,3626,0.857143,medium,495,routes/LIA-Road-TB-076.json,inputs/LIA-Road-TB-076.graph.json,labels/LIA-Road-TB-076.labels.json
LIA-Road-TB-077,Toronto_Canada,medium,diagnostic,7,110,302,347.714,263.53,1.319445,1753,0.428571,medium,563,routes/LIA-Road-TB-077.json,inputs/LIA-Road-TB-077.graph.json,labels/LIA-Road-TB-077.labels.json
LIA-Road-TB-078,Toronto_Canada,medium,diagnostic,8,160,448,527.162,421.675,1.250163,2677,0.75,medium,625,routes/LIA-Road-TB-078.json,inputs/LIA-Road-TB-078.graph.json,labels/LIA-Road-TB-078.labels.json
LIA-Road-TB-079,Toronto_Canada,medium,diagnostic,7,28,78,165.922,139.786,1.186978,469,0.714286,medium,736,routes/LIA-Road-TB-079.json,inputs/LIA-Road-TB-079.graph.json,labels/LIA-Road-TB-079.labels.json
LIA-Road-TB-080,Toronto_Canada,medium,diagnostic,7,111,272,523.473,397.505,1.316896,1660,0.428571,medium,89,routes/LIA-Road-TB-080.json,inputs/LIA-Road-TB-080.graph.json,labels/LIA-Road-TB-080.labels.json
LIA-Road-TB-081,Toronto_Canada,small,diagnostic,4,31,80,223.333,201.235,1.109808,524,0.75,easy,1079,routes/LIA-Road-TB-081.json,inputs/LIA-Road-TB-081.graph.json,labels/LIA-Road-TB-081.labels.json
LIA-Road-TB-082,Toronto_Canada,small,diagnostic,5,44,114,298.82,249.197,1.199132,707,0.6,easy,163,routes/LIA-Road-TB-082.json,inputs/LIA-Road-TB-082.graph.json,labels/LIA-Road-TB-082.labels.json
LIA-Road-TB-083,Toronto_Canada,small,representative,4,28,66,175.628,127.297,1.379679,439,0.75,easy,238,routes/LIA-Road-TB-083.json,inputs/LIA-Road-TB-083.graph.json,labels/LIA-Road-TB-083.labels.json
LIA-Road-TB-084,Toronto_Canada,small,representative,3,27,68,260.636,223.408,1.166635,455,0.666667,easy,274,routes/LIA-Road-TB-084.json,inputs/LIA-Road-TB-084.graph.json,labels/LIA-Road-TB-084.labels.json
LIA-Road-TB-085,Toronto_Canada,small,diagnostic,4,81,246,433.376,325.473,1.331527,1380,0.5,easy,313,routes/LIA-Road-TB-085.json,inputs/LIA-Road-TB-085.graph.json,labels/LIA-Road-TB-085.labels.json
LIA-Road-TB-086,Toronto_Canada,small,diagnostic,5,61,174,355.721,265.643,1.339096,983,0.6,easy,316,routes/LIA-Road-TB-086.json,inputs/LIA-Road-TB-086.graph.json,labels/LIA-Road-TB-086.labels.json
LIA-Road-TB-087,Toronto_Canada,small,representative,3,36,82,249.071,240.892,1.033954,539,1.0,easy,411,routes/LIA-Road-TB-087.json,inputs/LIA-Road-TB-087.graph.json,labels/LIA-Road-TB-087.labels.json
LIA-Road-TB-088,Toronto_Canada,small,representative,4,55,124,298.718,298.89,0.999424,769,1.0,easy,760,routes/LIA-Road-TB-088.json,inputs/LIA-Road-TB-088.graph.json,labels/LIA-Road-TB-088.labels.json
LIA-Road-TB-089,Toronto_Canada,small,diagnostic,3,44,126,343.791,258.193,1.331526,775,0.333333,easy,771,routes/LIA-Road-TB-089.json,inputs/LIA-Road-TB-089.graph.json,labels/LIA-Road-TB-089.labels.json
LIA-Road-TB-090,Toronto_Canada,small,representative,5,105,380,600.39,430.764,1.393779,1796,1.0,easy,972,routes/LIA-Road-TB-090.json,inputs/LIA-Road-TB-090.graph.json,labels/LIA-Road-TB-090.labels.json
